pk;name;description;topics;output_format;is_active;embeddings
1;name0;description0;topic0;text;True;[0.8848568279692259, 0.45367301999803744, 0.7884686429750286, 0.8898617271795928, 0.22392113980223516, 0.5491601183089714, 0.49170071002871085, 0.11993680808332985, 0.3961448220700685, 0.45860080681913484, 0.39545773036575915, 0.49999471444395027, 0.9405999409077572, 0.7910392173341024, 0.37663370591869927, 0.9466303855761352, 0.5490405083987273, 0.7841001324344525, 0.39342174987524303, 0.27103617915513156, 0.40876870087920836, 0.9755679900661416, 0.8263825149455438, 0.18553698601568125, 0.6605033112479589, 0.6842177504095545, 0.4866843392018757, 0.8338473294431303, 0.7787691556660843, 0.47063249176899635, 0.8418373119465002, 0.2681458619130819, 0.4133775456350174, 0.801327299411704, 0.49618862659011653, 0.20177588288457093, 0.9511766485622521, 0.3129819524326265, 0.2363066289664909, 0.22320056455682302, 0.9314266887520165, 0.8731040295198752, 0.46283830980827756, 0.4135313821286549, 0.049627000176054925, 0.13986163954760988, 0.8438405216272]
2;name1;description1;topic0;text;True;[0.8848568279692259, 0.45367301999803744, 0.7884686429750286, 0.8898617271795928, 0.22392113980223516, 0.5491601183089714, 0.49170071002871085, 0.11993680808332985, 0.3961448220700685, 0.45860080681913484, 0.39545773036575915, 0.49999471444395027, 0.9405999409077572, 0.7910392173341024, 0.37663370591869927, 0.9466303855761352, 0.5490405083987273, 0.7841001324344525, 0.39342174987524303, 0.27103617915513156, 0.40876870087920836, 0.9755679900661416, 0.8263825149455438, 0.18553698601568125, 0.6605033112479589, 0.6842177504095545, 0.4866843392018757, 0.8338473294431303, 0.7787691556660843, 0.47063249176899635, 0.8418373119465002, 0.2681458619130819, 0.4133775456350174, 0.801327299411704, 0.49618862659011653, 0.20177588288457093, 0.9511766485622521, 0.3129819524326265, 0.2363066289664909, 0.22320056455682302, 0.9314266887520165, 0.8731040295198752, 0.46283830980827756, 0.4135313821286549, 0.049627000176054925, 0.13986163954760988, 0.8438405216272]