{
  "HTTP Request-1" : {
    "transaction" : "HTTP Request-1",
    "sampleCount" : 47186,
    "errorCount" : 0,
    "errorPct" : 0.0,
    "meanResTime" : 363.34103335735404,
    "medianResTime" : 76.0,
    "minResTime" : 15.0,
    "maxResTime" : 13152.0,
    "pct1ResTime" : 102.0,
    "pct2ResTime" : 108.0,
    "pct3ResTime" : 120.0,
    "throughput" : 0.8771365797722223,
    "receivedKBytesPerSec" : 17.46735267062027,
    "sentKBytesPerSec" : 0.10364602163324109
  },
  "Total" : {
    "transaction" : "Total",
    "sampleCount" : 172372,
    "errorCount" : 7249,
    "errorPct" : 4.2054396,
    "meanResTime" : 347.7008910960015,
    "medianResTime" : 73.0,
    "minResTime" : 1.0,
    "maxResTime" : 23341.0,
    "pct1ResTime" : 103.0,
    "pct2ResTime" : 109.0,
    "pct3ResTime" : 124.0,
    "throughput" : 3.2042015616253647,
    "receivedKBytesPerSec" : 46.10596048739203,
    "sentKBytesPerSec" : 0.4697952764035126
  },
  "HTTP Request-0" : {
    "transaction" : "HTTP Request-0",
    "sampleCount" : 47186,
    "errorCount" : 0,
    "errorPct" : 0.0,
    "meanResTime" : 142.73790954944374,
    "medianResTime" : 8.0,
    "minResTime" : 3.0,
    "maxResTime" : 10618.0,
    "pct1ResTime" : 13.0,
    "pct2ResTime" : 14.0,
    "pct3ResTime" : 21.0,
    "throughput" : 0.8771356666921644,
    "receivedKBytesPerSec" : 1.0201841592093437,
    "sentKBytesPerSec" : 0.10537126830227887
  },
  "HTTP Request" : {
    "transaction" : "HTTP Request",
    "sampleCount" : 78000,
    "errorCount" : 7249,
    "errorPct" : 9.29359,
    "meanResTime" : 462.23149999999487,
    "medianResTime" : 82.0,
    "minResTime" : 1.0,
    "maxResTime" : 23341.0,
    "pct1ResTime" : 105.0,
    "pct2ResTime" : 110.0,
    "pct3ResTime" : 124.0,
    "throughput" : 1.4499322500567284,
    "receivedKBytesPerSec" : 27.618463147750496,
    "sentKBytesPerSec" : 0.26077833525568633
  }
}